"entities/mL5rVhs","configuration/sources/Salesforce","2423423",,""
"entities/mL5rZy8","configuration/sources/Salesforce","2323424",,""
"entities/mL5reEO","configuration/sources/Salesforce","2223425",,""
"entities/mL5riUe","configuration/sources/Salesforce","2123426",,""
"entities/mL5rmku","configuration/sources/Salesforce","2023427",,""
"entities/mL5rr1A","configuration/sources/Salesforce","1923428",,""
"entities/mL5rvHQ","configuration/sources/Salesforce","1823429",,""
"entities/mL5rzXg","configuration/sources/Salesforce","1723430",,""
"entities/mL5s3nw","configuration/sources/Salesforce","1623431",,""
"entities/mL5s84C","configuration/sources/Salesforce","1523432",,""
"entities/mL5sCKS","configuration/sources/Salesforce","1423433",,""
"entities/mL5sGai","configuration/sources/Salesforce","1323434",,""
"entities/mL5sKqy","configuration/sources/Salesforce","1223435",,""
"entities/mL5sKqy","configuration/sources/Salesforce","1223435",,""
"entities/mL5sTNU","configuration/sources/Salesforce","1123436",,""
"entities/mL5sXdk","configuration/sources/Salesforce","1023437",,""
"entities/mL5sbu0","configuration/sources/Salesforce","923438",,""
"entities/mL5sgAG","configuration/sources/Salesforce","823439",,""
"entities/mL5skQW","configuration/sources/Salesforce","723440",,""
